Thu Jul 11 18:30:46 +0000 2019,RT  New Dapp Herorats now live! Play this game similar to Minesweeper and support donations towards countries facing landmine ch,1149385558164201472
Thu Jul 11 18:31:14 +0000 2019, ,1149385675113787392
Thu Jul 11 18:31:40 +0000 2019, is a new deflationary decentralized store of value based on   Giving away 50000000 $ETHPLO to ,1149385787160584200
Thu Jul 11 18:32:03 +0000 2019,RT  ~  !   19 (   !       9000000 EVEO  !  ,1149385881293217794
Thu Jul 11 18:32:21 +0000 2019,RT       ,1149385957201862658
Thu Jul 11 18:32:47 +0000 2019,RT  ~  !   19 (   !       9000000 EVEO  !  ,1149386066731814912
Thu Jul 11 18:33:22 +0000 2019,RT   yatrm yntemi ile hzl ve gvenli yatrm frsat  te!Sizde bitcoinethereumlitecoin gibi t,1149386211422814208
Thu Jul 11 18:33:24 +0000 2019, is shooting up! Use  to find where COINS are moving. Track crypto with HIGH buyers a ,1149386221325393920
Thu Jul 11 18:34:06 +0000 2019,RT  ~  !   19 (   !       9000000 EVEO  !  ,1149386398723526656
Thu Jul 11 18:34:35 +0000 2019,RT  ~  !   19 (   !       9000000 EVEO  !  ,1149386521104883712
Thu Jul 11 18:35:01 +0000 2019,SATS is a decentralized store of value based on the  blockchain. Each time SATS are transferred a small pe ,1149386630475784192
Thu Jul 11 18:35:26 +0000 2019,RT  ~  !   19 (   !       9000000 EVEO  !  ,1149386733571592192
Thu Jul 11 18:35:49 +0000 2019,RT  50000 RICHCHAIN each Airdrop for first 500 peopleName: RICHCHAIN Supply: 20000000000Symbol: RICHFollowRetwee,1149386830506336262
Thu Jul 11 18:36:09 +0000 2019,RT  Ceryle token 1000000000 Airdrop for first 1500 people 1000000 CYT EACHName: CERYLE TOKENSupply: 10000,1149386912047800320
Thu Jul 11 18:36:43 +0000 2019,SATS is a decentralized store of value based on the  blockchain. Each time SATS are transferred a small pe ,1149387056268767232
Thu Jul 11 18:37:06 +0000 2019,RT  ICO STARTS NOWFirst 10 get 100%0.01 ETH = 1000000 ORT0.03 ETH = 10000000 ORT0.05 ETH = 100000000 ORT0.1 ETH =,1149387152695988227
Thu Jul 11 18:37:32 +0000 2019,RT  ~  !   19 (   !       9000000 EVEO  !  ,1149387260879503360
Thu Jul 11 18:37:59 +0000 2019, is a new deflationary decentralized store of value based on   Giving away 50000000 $ETHPLO to ,1149387374985658369
Thu Jul 11 18:38:20 +0000 2019,RT  Hey everyone head on over to  and buy your NUKE shield! It's a online  game that you play on th,1149387461941968896
Thu Jul 11 18:38:48 +0000 2019,RT   for Blockchain 2019 -- a summary of the talks from the workshop in Berlin.  Contain,1149387582146568192
Thu Jul 11 18:39:14 +0000 2019,RT            ,1149387687842983936
Thu Jul 11 18:39:40 +0000 2019,RT  Ceryle token 1000000000 Airdrop for first 1500 people 1000000 CYT EACHName: CERYLE TOKENSupply: 10000,1149387797247086593
Thu Jul 11 18:40:03 +0000 2019,Top 5   Alert Time: 2019-07-11 21:40:02 $11711.399 $274.279 $0.331 ,1149387894257266690
Thu Jul 11 18:40:31 +0000 2019,RT  TRON Weekly Report1. Improved demo on network log collection function.2. Odyssey-V3.6 is Officially Released.3. ,1149388014595915776
Thu Jul 11 18:40:56 +0000 2019,RT  ~  !   19 (   !       9000000 EVEO  !  ,1149388115686989824
Thu Jul 11 18:41:17 +0000 2019,RT  TRON Weekly Report1. Improved demo on network log collection function.2. Odyssey-V3.6 is Officially Released.3. ,1149388207106117632
Thu Jul 11 18:41:43 +0000 2019,RT  TRON Weekly Report1. Improved demo on network log collection function.2. Odyssey-V3.6 is Officially Released.3. ,1149388313779982337
Thu Jul 11 18:42:12 +0000 2019,RT  ~  !   19 (   !       9000000 EVEO  !  ,1149388438484819968
Thu Jul 11 18:42:35 +0000 2019,RT  Name : Lyon X TokenTotal Supply : 100000000000Symbol : LYONXICO (24h)AirdropsWe are giving 500 People 5000000,1149388534371028992
Thu Jul 11 18:43:00 +0000 2019,O valor mdio das criptomoedas : Bitcoin(BTC) R$ 4410083  Litecoin(LTC) R$ 39088  Bitcoin Cash(BCH) R$ 13526 ,1149388637299183623
Thu Jul 11 18:43:27 +0000 2019,RT  WeChat to Enter Cryptocurrency Game Compete With Facebook Telegram and WhatsApp   ,1149388752286027776
Thu Jul 11 18:43:53 +0000 2019,RT  Using OpenLaw contract clauses can be turned into dynamic software libraries that can be updated in seconds. Blockcha,1149388859450494976
Thu Jul 11 18:44:19 +0000 2019,SATS is a decentralized store of value based on the  blockchain. Each time SATS are transferred a small pe ,1149388970628751361
